"Total energy consumption in the transportation sector, billion Btu",Unnamed: 1,Unnamed: 2,Unnamed: 3,Unnamed: 4,Unnamed: 5,Unnamed: 6,Unnamed: 7,Unnamed: 8,Unnamed: 9,Unnamed: 10,Unnamed: 11,Unnamed: 12,Unnamed: 13,Unnamed: 14,Unnamed: 15,Unnamed: 16,Unnamed: 17,Unnamed: 18,Unnamed: 19,Unnamed: 20,Unnamed: 21,Unnamed: 22,Unnamed: 23,Unnamed: 24,Unnamed: 25,Unnamed: 26,Unnamed: 27,Unnamed: 28,Unnamed: 29,Unnamed: 30,Unnamed: 31,Unnamed: 32,Unnamed: 33,Unnamed: 34,Unnamed: 35,Unnamed: 36,Unnamed: 37,Unnamed: 38,Unnamed: 39,Unnamed: 40,Unnamed: 41,Unnamed: 42,Unnamed: 43,Unnamed: 44,Unnamed: 45,Unnamed: 46,Unnamed: 47,Unnamed: 48,Unnamed: 49,Unnamed: 50,Unnamed: 51,Unnamed: 52,Unnamed: 53,Unnamed: 54,Unnamed: 55,Unnamed: 56,Unnamed: 57,Unnamed: 58,Unnamed: 59,Unnamed: 60,Unnamed: 61
,,,,,,,,,,,,,,,,,,,,,,,,,,,,,,,,,,,,,,,,,,,,,,,,,,,,,,,,,,,,,
State,1960.0,1961.0,1962.0,1963.0,1964.0,1965.0,1966.0,1967.0,1968.0,1969.0,1970.0,1971.0,1972.0,1973.0,1974.0,1975.0,1976.0,1977.0,1978.0,1979.0,1980.0,1981.0,1982.0,1983.0,1984.0,1985.0,1986.0,1987.0,1988.0,1989.0,1990.0,1991.0,1992.0,1993.0,1994.0,1995.0,1996.0,1997.0,1998.0,1999.0,2000.0,2001.0,2002.0,2003.0,2004.0,2005.0,2006.0,2007.0,2008.0,2009.0,2010.0,2011.0,2012.0,2013.0,2014.0,2015.0,2016.0,2017.0,2018.0,2019.0,2020.0
AK,27139.0,31895.0,34182.0,32387.0,32246.0,34379.0,36233.0,43862.0,47177.0,56517.0,76386.0,85018.0,83425.0,71354.0,76803.0,79665.0,89123.0,94045.0,97936.0,85842.0,89804.0,101238.0,102239.0,115944.0,142997.0,153931.0,150698.0,133896.0,150456.0,173382.0,168892.0,156413.0,151927.0,154297.0,157266.0,173607.0,167528.0,188588.0,192174.0,207434.0,219733.0,205464.0,209351.0,219252.0,265820.0,263684.0,265654.0,249874.0,214855.0,189767.0,193249.0,184846.0,167929.0,151923.0,155043.0,162888.0,153572.0,155868.0,163804.0,164258.0,164595.0
AL,176015.0,172023.0,179802.0,189395.0,190545.0,200727.0,206854.0,216031.0,242554.0,255625.0,268489.0,281247.0,300827.0,327548.0,350726.0,363127.0,373155.0,395543.0,405416.0,353042.0,349881.0,342116.0,333176.0,324451.0,337698.0,334813.0,349194.0,374883.0,377985.0,401324.0,397799.0,406124.0,417482.0,413632.0,431784.0,454692.0,444370.0,439699.0,447984.0,453914.0,472549.0,445444.0,472526.0,458056.0,493167.0,489519.0,496081.0,499523.0,467593.0,459056.0,478216.0,478191.0,472022.0,466359.0,465284.0,480784.0,504527.0,498739.0,488594.0,500768.0,497755.0
AR,104652.0,114214.0,116715.0,123586.0,130214.0,129593.0,136348.0,139183.0,153822.0,159784.0,166549.0,173379.0,193085.0,209852.0,210118.0,209528.0,216054.0,222603.0,229577.0,200014.0,204275.0,208967.0,208325.0,195411.0,207483.0,203444.0,207724.0,216907.0,226684.0,233710.0,228101.0,229427.0,227667.0,238191.0,255166.0,260424.0,265553.0,273172.0,275696.0,293044.0,293838.0,277440.0,285354.0,285259.0,288208.0,288737.0,288760.0,292703.0,285202.0,285162.0,290131.0,287138.0,277918.0,276347.0,280150.0,276984.0,283503.0,285148.0,286192.0,288865.0,271075.0
AZ,116689.0,121239.0,129736.0,136740.0,143720.0,139441.0,148689.0,159735.0,183623.0,192910.0,194132.0,204293.0,225168.0,243872.0,233258.0,230139.0,235052.0,253262.0,267033.0,274217.0,265931.0,269191.0,261440.0,263390.0,279869.0,293447.0,299713.0,312326.0,322840.0,322219.0,325563.0,332408.0,336940.0,352581.0,366258.0,372801.0,394105.0,394605.0,424601.0,447923.0,459904.0,475183.0,485241.0,500087.0,510232.0,532787.0,549475.0,541658.0,505233.0,476281.0,516376.0,513043.0,502603.0,510887.0,516809.0,526892.0,539916.0,543230.0,554065.0,569796.0,507885.0
CA,1224448.0,1292718.0,1316805.0,1354256.0,1421236.0,1491493.0,1592738.0,1654402.0,1779333.0,1829888.0,1832707.0,1909144.0,1932085.0,1987135.0,1899639.0,1955901.0,2065541.0,2207003.0,2373098.0,2354473.0,2363837.0,2345832.0,2230899.0,2253957.0,2373953.0,2364497.0,2447497.0,2578470.0,2730174.0,2817092.0,2834517.0,2691409.0,2681192.0,2630793.0,2752695.0,2817126.0,2866143.0,2799926.0,2807883.0,2869691.0,3017945.0,2967388.0,3130834.0,3041509.0,3194101.0,3280275.0,3328715.0,3355466.0,3145159.0,3063147.0,2934185.0,2828580.0,2773267.0,2777173.0,2798542.0,2865537.0,2970922.0,3049442.0,3062408.0,3059749.0,2355476.0
CO,104450.0,114878.0,122860.0,129258.0,133723.0,138618.0,147575.0,154378.0,172368.0,182623.0,195193.0,206248.0,224073.0,234426.0,231020.0,237340.0,250996.0,262260.0,279228.0,269764.0,251120.0,249246.0,259137.0,255521.0,266929.0,277566.0,278417.0,281120.0,272773.0,266101.0,271483.0,273879.0,278016.0,303181.0,308187.0,319506.0,328228.0,326350.0,340751.0,361725.0,366112.0,386390.0,383293.0,378054.0,416506.0,423029.0,432161.0,441970.0,425042.0,414341.0,421169.0,414063.0,410843.0,411940.0,424103.0,421452.0,430222.0,434641.0,449492.0,460280.0,378289.0
CT,116898.0,125496.0,130768.0,134750.0,137397.0,140533.0,150121.0,155282.0,168490.0,174636.0,182566.0,184357.0,194609.0,201251.0,198339.0,196470.0,201295.0,204071.0,205676.0,194654.0,185174.0,181361.0,186080.0,187348.0,195062.0,196759.0,200195.0,209097.0,216609.0,218201.0,205529.0,204102.0,205609.0,206060.0,205590.0,201738.0,213178.0,213989.0,216761.0,235201.0,227972.0,237677.0,236682.0,248599.0,284567.0,262559.0,256729.0,257284.0,242787.0,239060.0,239165.0,234687.0,228721.0,225149.0,225365.0,227198.0,229142.0,232069.0,237351.0,233235.0,196110.0
DC,28823.0,29581.0,29525.0,29602.0,31091.0,33820.0,33780.0,32459.0,32904.0,32675.0,32848.0,33280.0,33608.0,38665.0,39736.0,37069.0,38019.0,37639.0,35172.0,30307.0,27391.0,29319.0,37791.0,29066.0,28194.0,28202.0,30415.0,28683.0,29823.0,29281.0,27450.0,27452.0,27765.0,28147.0,27395.0,27211.0,26309.0,26790.0,26047.0,26684.0,27860.0,25953.0,24665.0,25449.0,27021.0,23517.0,21479.0,21279.0,18804.0,19689.0,19202.0,21211.0,19112.0,19420.0,20902.0,20276.0,21250.0,18441.0,20300.0,21802.0,16806.0
DE,43735.0,44020.0,41960.0,42957.0,43653.0,43432.0,44193.0,45334.0,51755.0,52631.0,50326.0,50851.0,53261.0,56942.0,56886.0,55048.0,57596.0,56927.0,54928.0,52434.0,53979.0,51388.0,49564.0,55479.0,57524.0,56930.0,60237.0,65275.0,64373.0,65685.0,62955.0,70337.0,65057.0,67786.0,63155.0,59981.0,66267.0,64816.0,65432.0,67935.0,70445.0,65428.0,68665.0,67453.0,68851.0,72656.0,74414.0,74852.0,71202.0,68879.0,80359.0,73594.0,72384.0,68338.0,69046.0,72576.0,75656.0,79665.0,83606.0,86684.0,72901.0
FL,348001.0,358850.0,407087.0,415833.0,432389.0,456712.0,473137.0,495399.0,548917.0,582377.0,608352.0,641555.0,706248.0,772004.0,738593.0,747689.0,777288.0,833098.0,876871.0,932217.0,950588.0,955122.0,937880.0,941159.0,926847.0,957710.0,1008847.0,1066924.0,1129029.0,1139593.0,1137421.0,1077908.0,1113436.0,1100343.0,1179540.0,1211339.0,1221305.0,1264807.0,1284397.0,1325493.0,1404075.0,1383851.0,1415516.0,1398524.0,1546545.0,1590010.0,1622062.0,1596523.0,1496006.0,1418422.0,1555767.0,1532077.0,1510229.0,1535328.0,1553861.0,1611596.0,1648162.0,1686912.0,1770703.0,1743393.0,1417327.0
GA,208600.0,208150.0,225398.0,239176.0,249133.0,257459.0,282715.0,317508.0,352836.0,376949.0,400637.0,432077.0,461433.0,508272.0,488267.0,487288.0,508176.0,528643.0,550247.0,569714.0,549575.0,541833.0,541879.0,560980.0,583690.0,590637.0,621820.0,662463.0,694440.0,674415.0,682487.0,665004.0,668801.0,741546.0,753123.0,789874.0,834752.0,802997.0,830768.0,859994.0,859663.0,858321.0,860638.0,887895.0,924955.0,965803.0,949573.0,925051.0,865368.0,928594.0,988043.0,969345.0,912808.0,936912.0,905089.0,951088.0,912738.0,966191.0,943511.0,934557.0,823696.0
HI,61778.0,74032.0,66104.0,69466.0,74849.0,78979.0,91537.0,105098.0,122002.0,125141.0,125344.0,138833.0,136476.0,140854.0,128660.0,130543.0,131684.0,141346.0,144630.0,156359.0,146713.0,124102.0,102196.0,117875.0,129351.0,142888.0,127072.0,124138.0,140944.0,154497.0,154545.0,151201.0,144127.0,130086.0,139865.0,138041.0,121533.0,117181.0,114518.0,122989.0,125096.0,131920.0,140060.0,162799.0,171915.0,179128.0,181362.0,194442.0,136507.0,132829.0,156657.0,161283.0,161462.0,165038.0,158144.0,161862.0,163304.0,170882.0,173129.0,174189.0,109047.0
IA,151001.0,147507.0,153878.0,159082.0,161376.0,161744.0,171703.0,183403.0,196338.0,206896.0,210247.0,230011.0,238881.0,256476.0,246911.0,248508.0,257384.0,261075.0,260059.0,259122.0,238037.0,226744.0,231164.0,229299.0,228259.0,222333.0,218170.0,228123.0,235332.0,237178.0,235625.0,228184.0,226937.0,231808.0,247614.0,256890.0,272661.0,266370.0,275603.0,274154.0,270870.0,269727.0,278502.0,281575.0,296307.0,300758.0,307445.0,313014.0,305878.0,298572.0,304872.0,307480.0,291815.0,296999.0,307887.0,299619.0,316254.0,301313.0,304217.0,304596.0,277680.0
ID,42448.0,41866.0,44468.0,43894.0,45479.0,49550.0,53667.0,54383.0,56019.0,60261.0,65806.0,68285.0,73323.0,75193.0,76433.0,79098.0,84321.0,88129.0,93007.0,99686.0,83315.0,76720.0,75113.0,74453.0,77642.0,79813.0,80510.0,82283.0,84336.0,88615.0,90874.0,88787.0,89674.0,100692.0,103105.0,110452.0,112208.0,114869.0,117181.0,123440.0,124232.0,121405.0,123256.0,117135.0,122155.0,123131.0,131164.0,135469.0,124004.0,122803.0,137520.0,131633.0,132913.0,137160.0,139591.0,153664.0,158969.0,161070.0,163533.0,169068.0,158190.0
IL,504426.0,508786.0,520939.0,555651.0,568926.0,597583.0,630804.0,677664.0,730200.0,758771.0,790952.0,810200.0,884876.0,923453.0,881589.0,883956.0,919702.0,945704.0,976087.0,930049.0,821458.0,784427.0,767689.0,787729.0,707471.0,733119.0,725802.0,735374.0,787563.0,802325.0,788227.0,759400.0,773491.0,801109.0,781820.0,799894.0,824322.0,833959.0,851814.0,939315.0,967818.0,938602.0,907505.0,953375.0,1004947.0,1109668.0,1058254.0,1060569.0,1013271.0,983720.0,981491.0,972081.0,940532.0,959306.0,985321.0,1021267.0,1019765.0,1024309.0,1026119.0,996826.0,802605.0
IN,265284.0,262745.0,277217.0,284318.0,289382.0,300042.0,316147.0,326392.0,342193.0,359239.0,377796.0,391294.0,424550.0,441971.0,430689.0,429976.0,445748.0,453325.0,463957.0,470907.0,441657.0,446984.0,432620.0,439574.0,513196.0,520787.0,552469.0,578042.0,562368.0,577378.0,581671.0,567839.0,558794.0,580696.0,603534.0,621793.0,607597.0,608935.0,613596.0,629856.0,658504.0,603613.0,648275.0,671909.0,639334.0,644040.0,656664.0,641109.0,601725.0,581204.0,588507.0,580710.0,568948.0,596071.0,608470.0,610815.0,608492.0,583898.0,573741.0,571806.0,525753.0
KS,172858.0,178233.0,176565.0,193960.0,178331.0,197148.0,209458.0,214514.0,228465.0,236882.0,250710.0,256558.0,273146.0,269163.0,271331.0,269148.0,273595.0,268827.0,286644.0,288878.0,279218.0,266030.0,255159.0,246221.0,257072.0,268172.0,273068.0,278352.0,294398.0,285614.0,280304.0,260471.0,255948.0,260226.0,247301.0,274175.0,273318.0,271115.0,270026.0,285477.0,269988.0,251278.0,260526.0,285806.0,273226.0,258189.0,272773.0,279483.0,276308.0,285206.0,274865.0,266782.0,264776.0,281889.0,302091.0,278582.0,274340.0,266793.0,283239.0,289236.0,258253.0
KY,153635.0,153410.0,169687.0,180892.0,187832.0,191777.0,205416.0,214533.0,232321.0,247884.0,261341.0,265443.0,284282.0,297055.0,287068.0,288098.0,302855.0,309564.0,333814.0,342198.0,324017.0,323231.0,318534.0,332803.0,337644.0,323387.0,344232.0,358877.0,386223.0,404451.0,379595.0,378096.0,393921.0,407849.0,405793.0,421760.0,396465.0,427334.0,424989.0,440965.0,441204.0,447996.0,463165.0,448304.0,484328.0,475848.0,472847.0,493949.0,458383.0,465340.0,470109.0,466113.0,450682.0,449764.0,457405.0,463845.0,464552.0,472363.0,495912.0,498369.0,465347.0
LA,256944.0,253709.0,255773.0,267091.0,283681.0,311121.0,318865.0,340713.0,358477.0,385716.0,392151.0,390660.0,425494.0,474451.0,509274.0,511108.0,546644.0,585309.0,588509.0,581423.0,646701.0,661774.0,580654.0,599636.0,598755.0,585795.0,661328.0,652242.0,694276.0,693330.0,690571.0,725547.0,725753.0,723701.0,764489.0,764491.0,834585.0,801668.0,781161.0,776293.0,854201.0,753070.0,775112.0,771859.0,756504.0,716731.0,770758.0,710076.0,673737.0,667267.0,613388.0,628153.0,570486.0,554603.0,533698.0,540224.0,571471.0,615985.0,582095.0,623459.0,606487.0
MA,220223.0,232639.0,242221.0,252038.0,254929.0,268600.0,271133.0,290677.0,313736.0,324262.0,348866.0,362542.0,379915.0,391349.0,371093.0,369400.0,380724.0,385290.0,386801.0,385655.0,358305.0,359128.0,362384.0,362472.0,370142.0,381532.0,389179.0,403559.0,420664.0,420228.0,406751.0,389342.0,386663.0,391048.0,394376.0,401591.0,419336.0,425617.0,426001.0,437786.0,452623.0,446665.0,448360.0,447348.0,473427.0,484827.0,478091.0,485796.0,478871.0,442953.0,457425.0,457099.0,448417.0,466646.0,450724.0,464638.0,475350.0,469406.0,476609.0,478582.0,359912.0
MD,172937.0,172669.0,198195.0,199643.0,207162.0,217118.0,229080.0,225512.0,248291.0,255378.0,273132.0,273569.0,289740.0,303286.0,296987.0,297309.0,310253.0,321158.0,325821.0,318501.0,318826.0,323669.0,312847.0,305649.0,308196.0,317632.0,325874.0,338551.0,351166.0,360646.0,331362.0,336651.0,344087.0,342256.0,343278.0,348983.0,357970.0,368616.0,379129.0,399984.0,402664.0,404638.0,401249.0,416974.0,439335.0,457238.0,463513.0,457442.0,441273.0,457440.0,459632.0,447170.0,446430.0,450914.0,445608.0,457666.0,445744.0,444750.0,461897.0,465861.0,386708.0
ME,66698.0,70106.0,70398.0,72081.0,71079.0,68812.0,75656.0,73728.0,80026.0,81208.0,87633.0,93187.0,108008.0,111181.0,96675.0,92405.0,97198.0,98683.0,98767.0,93555.0,83348.0,82477.0,85807.0,83798.0,89155.0,94003.0,100742.0,108321.0,122448.0,110119.0,115386.0,105823.0,104061.0,105456.0,107390.0,101923.0,105327.0,110610.0,107844.0,111710.0,119837.0,107045.0,121967.0,130781.0,121265.0,130726.0,130780.0,125114.0,116466.0,122086.0,118053.0,117947.0,112560.0,125969.0,127266.0,127697.0,127693.0,120624.0,107302.0,106894.0,97960.0
MI,387291.0,388670.0,405877.0,429765.0,450804.0,467377.0,501020.0,526853.0,574018.0,606128.0,593490.0,607502.0,660210.0,688431.0,665594.0,660805.0,696664.0,712202.0,724044.0,690809.0,620136.0,600307.0,567289.0,577010.0,601213.0,614673.0,634968.0,667095.0,692249.0,685553.0,683927.0,695925.0,701060.0,738727.0,741775.0,760951.0,767783.0,782990.0,801137.0,837784.0,815945.0,802852.0,824677.0,795746.0,805720.0,803042.0,798193.0,789282.0,740516.0,723132.0,745587.0,732999.0,721815.0,753176.0,744570.0,766441.0,775534.0,764022.0,787420.0,778444.0,649531.0
MN,181361.0,182477.0,185949.0,194347.0,197456.0,207273.0,221296.0,222770.0,244657.0,260291.0,274085.0,288738.0,302868.0,322903.0,317686.0,319516.0,326930.0,330760.0,348762.0,359554.0,331579.0,317753.0,306687.0,310839.0,340655.0,333044.0,336886.0,334133.0,348749.0,343924.0,339237.0,358208.0,380355.0,401059.0,416902.0,433207.0,443367.0,440457.0,463324.0,495464.0,512778.0,501577.0,511621.0,513789.0,528862.0,532604.0,522963.0,527437.0,502186.0,464316.0,464795.0,454670.0,462541.0,466241.0,468176.0,468446.0,492426.0,495124.0,495865.0,500438.0,404710.0
MO,253774.0,255857.0,276089.0,282147.0,292306.0,304630.0,305174.0,322431.0,359165.0,370069.0,390887.0,403843.0,423903.0,428118.0,421345.0,424725.0,444349.0,456659.0,468827.0,446792.0,410564.0,399232.0,404843.0,409781.0,420918.0,430001.0,449790.0,459201.0,476640.0,483578.0,477139.0,474217.0,491151.0,505757.0,520029.0,539990.0,566697.0,578792.0,627750.0,620745.0,555307.0,555090.0,570990.0,593183.0,576876.0,590778.0,594797.0,601544.0,574301.0,559845.0,575610.0,563374.0,544295.0,549534.0,558107.0,558859.0,569917.0,565943.0,566183.0,567571.0,511393.0
MS,129284.0,129426.0,141230.0,153210.0,157763.0,161776.0,168991.0,176286.0,198757.0,210252.0,216001.0,228125.0,240855.0,251348.0,246921.0,231074.0,234643.0,248691.0,258179.0,258528.0,260868.0,257914.0,252704.0,241494.0,243198.0,250723.0,269475.0,294124.0,308474.0,288807.0,291495.0,315059.0,327507.0,329774.0,331430.0,335696.0,340820.0,350986.0,352206.0,370166.0,359299.0,348223.0,354481.0,376154.0,363590.0,356810.0,376532.0,372681.0,360998.0,356080.0,336274.0,325684.0,351902.0,319019.0,322877.0,338080.0,344459.0,337035.0,339091.0,347882.0,332204.0
MT,58237.0,61779.0,60378.0,58193.0,57799.0,57766.0,62119.0,56816.0,61677.0,66235.0,68133.0,71279.0,75979.0,83795.0,85511.0,82156.0,88270.0,85826.0,97496.0,91657.0,88911.0,83829.0,80847.0,83360.0,82805.0,81484.0,81233.0,82080.0,84305.0,82922.0,81965.0,81075.0,87906.0,90766.0,94515.0,98500.0,97001.0,99053.0,99527.0,103986.0,105831.0,107460.0,107757.0,102751.0,110574.0,117881.0,120853.0,126822.0,117753.0,112336.0,116888.0,117869.0,114943.0,117398.0,112790.0,111059.0,115784.0,117669.0,118298.0,116241.0,116187.0
NC,231966.0,243042.0,249869.0,264626.0,274217.0,279390.0,295241.0,307337.0,328939.0,348128.0,364046.0,374922.0,399104.0,426207.0,426363.0,423769.0,442970.0,463617.0,483389.0,480386.0,443752.0,448448.0,448510.0,468538.0,478735.0,493450.0,519831.0,544494.0,575667.0,549735.0,537113.0,530406.0,539320.0,559650.0,579176.0,601138.0,638394.0,649491.0,664594.0,679167.0,702536.0,692570.0,700774.0,714571.0,735478.0,748795.0,739578.0,758070.0,756174.0,699863.0,763477.0,743529.0,721585.0,743463.0,755450.0,770583.0,791318.0,799590.0,811512.0,827899.0,736223.0
ND,41695.0,40677.0,46790.0,47514.0,48313.0,47312.0,49886.0,52606.0,57642.0,55525.0,54265.0,58251.0,60802.0,62694.0,60288.0,63051.0,65875.0,70600.0,73158.0,72991.0,72472.0,72620.0,73199.0,69206.0,70543.0,68752.0,66907.0,67693.0,68573.0,67317.0,65276.0,66390.0,69684.0,73265.0,72715.0,72855.0,74552.0,75700.0,66695.0,81957.0,80608.0,87900.0,87666.0,89108.0,92170.0,92118.0,91476.0,103621.0,93261.0,86895.0,100392.0,115374.0,130829.0,136300.0,145534.0,135532.0,122102.0,130578.0,138041.0,145743.0,128348.0
NE,94221.0,96624.0,101163.0,108334.0,107127.0,102134.0,107674.0,116443.0,129823.0,132426.0,139324.0,142822.0,155550.0,163493.0,153188.0,149936.0,158184.0,168375.0,172968.0,156116.0,141002.0,131799.0,135509.0,144332.0,141399.0,141050.0,141525.0,148017.0,161225.0,153416.0,151842.0,148328.0,154150.0,150645.0,153903.0,163477.0,177952.0,180913.0,188843.0,194152.0,172532.0,162383.0,167087.0,172444.0,173762.0,172823.0,174913.0,177131.0,176723.0,176690.0,206500.0,199950.0,193164.0,194010.0,201081.0,200749.0,199231.0,200731.0,209415.0,208750.0,191158.0
NH,33680.0,35122.0,35657.0,36650.0,37780.0,37345.0,40709.0,44988.0,47517.0,48630.0,50712.0,52923.0,55069.0,56834.0,56615.0,56621.0,59805.0,62329.0,63585.0,65314.0,57873.0,56210.0,56118.0,57206.0,62668.0,62955.0,68908.0,74832.0,77318.0,76524.0,72989.0,74312.0,73745.0,75190.0,77427.0,80643.0,82930.0,87422.0,95884.0,99555.0,101593.0,101737.0,113405.0,106262.0,108870.0,103947.0,103935.0,105661.0,103260.0,102856.0,105364.0,102800.0,100326.0,101420.0,102491.0,101737.0,101568.0,102040.0,103195.0,103049.0,89433.0
NJ,337963.0,330040.0,364887.0,383318.0,399704.0,399654.0,417863.0,438642.0,463980.0,465609.0,493154.0,510332.0,556375.0,558985.0,528765.0,519476.0,549119.0,549897.0,568612.0,552362.0,566345.0,614972.0,714750.0,764809.0,797550.0,796824.0,826257.0,840590.0,803708.0,827139.0,798501.0,808065.0,811443.0,770250.0,843820.0,857742.0,827626.0,837099.0,849878.0,848846.0,905851.0,881412.0,888669.0,869523.0,901115.0,974228.0,977700.0,1028119.0,1034435.0,885543.0,787448.0,790326.0,753360.0,758004.0,746067.0,742836.0,775068.0,739017.0,763326.0,718042.0,575813.0
NM,91495.0,101786.0,108739.0,111915.0,109081.0,114959.0,112959.0,117206.0,128538.0,133432.0,138476.0,142560.0,159294.0,158879.0,160039.0,158105.0,163095.0,164222.0,173990.0,173599.0,176352.0,193266.0,174915.0,158784.0,141950.0,163649.0,170061.0,177792.0,192216.0,205982.0,230438.0,225511.0,211705.0,223530.0,213109.0,195058.0,186613.0,233533.0,230985.0,230756.0,226271.0,229939.0,225549.0,218329.0,225728.0,219163.0,226922.0,217687.0,201513.0,197860.0,195765.0,201365.0,201835.0,202881.0,209235.0,212090.0,207783.0,221650.0,228960.0,233008.0,218173.0
NV,42128.0,46495.0,52523.0,55192.0,59623.0,55891.0,56519.0,60568.0,70357.0,72607.0,73099.0,75199.0,81261.0,88446.0,87395.0,92134.0,96458.0,102370.0,113267.0,113529.0,116207.0,114936.0,113046.0,115444.0,110017.0,111173.0,115443.0,126816.0,131203.0,132861.0,132736.0,138198.0,141152.0,146016.0,154154.0,161155.0,178132.0,177800.0,183785.0,196380.0,204781.0,205062.0,208486.0,214567.0,228042.0,238011.0,253265.0,256014.0,231392.0,210168.0,253273.0,248880.0,248407.0,253336.0,253560.0,257104.0,268062.0,277965.0,278526.0,278565.0,226405.0
NY,802177.0,820831.0,817509.0,837512.0,859258.0,884555.0,930721.0,982928.0,1017671.0,1076023.0,1099019.0,1136017.0,1133198.0,1185048.0,1069501.0,1049817.0,1108583.0,1094924.0,1102679.0,1088838.0,1027299.0,961488.0,862622.0,789318.0,724758.0,845257.0,861713.0,909932.0,869081.0,875391.0,929238.0,903756.0,881198.0,895308.0,883923.0,911249.0,952834.0,952014.0,959501.0,967022.0,971292.0,968183.0,990141.0,1058979.0,1102770.0,1068316.0,1091444.0,1089875.0,1087426.0,1063286.0,1211827.0,1140281.0,1112200.0,1125452.0,1188134.0,1163029.0,1207136.0,1217063.0,1227499.0,1196904.0,909318.0
OH,485493.0,476797.0,501851.0,512757.0,532759.0,547122.0,576526.0,589622.0,627103.0,652900.0,673840.0,690829.0,745120.0,775901.0,752314.0,762081.0,799419.0,815838.0,837782.0,814962.0,787398.0,763821.0,735877.0,738033.0,749609.0,758279.0,785434.0,811202.0,818503.0,824533.0,803352.0,794158.0,787556.0,823223.0,838461.0,852980.0,884393.0,914038.0,930745.0,958102.0,984883.0,977991.0,984705.0,992414.0,1014206.0,1012499.0,1021249.0,1028494.0,983238.0,923412.0,895326.0,883521.0,856484.0,871591.0,891916.0,893051.0,888624.0,896860.0,902460.0,896256.0,815493.0
OK,150704.0,156466.0,164839.0,173978.0,177495.0,181452.0,191749.0,199061.0,215738.0,221482.0,241452.0,247329.0,262416.0,272534.0,269250.0,278451.0,298112.0,312494.0,320848.0,318780.0,308459.0,330085.0,350617.0,345022.0,345747.0,340783.0,324441.0,331045.0,337054.0,356262.0,340214.0,348184.0,374952.0,363564.0,376090.0,359989.0,381541.0,375036.0,382455.0,400473.0,425637.0,465135.0,435153.0,444999.0,412086.0,438257.0,449700.0,459438.0,462022.0,442492.0,454408.0,443581.0,445881.0,443389.0,480223.0,470025.0,470255.0,478878.0,488287.0,475649.0,426156.0
OR,111092.0,115567.0,119261.0,122235.0,126944.0,133578.0,146168.0,151597.0,171929.0,175449.0,182682.0,191250.0,206121.0,219989.0,210357.0,213818.0,226422.0,241437.0,264161.0,271247.0,239648.0,249758.0,250383.0,236388.0,231840.0,241257.0,246074.0,263025.0,281176.0,284161.0,280250.0,301182.0,304262.0,292806.0,301285.0,297074.0,308018.0,310825.0,326162.0,329116.0,320068.0,306299.0,312439.0,310257.0,321816.0,330136.0,338005.0,344006.0,323661.0,325708.0,317594.0,302641.0,298048.0,300305.0,303197.0,298918.0,300334.0,308389.0,317316.0,311789.0,279024.0
PA,536168.0,515926.0,531989.0,554444.0,566324.0,571422.0,593192.0,628075.0,677980.0,688323.0,718209.0,746709.0,799257.0,813335.0,782659.0,769383.0,838237.0,857195.0,866872.0,850573.0,817752.0,776148.0,729931.0,741976.0,758211.0,763291.0,793230.0,839104.0,870488.0,819936.0,842565.0,840036.0,856858.0,877822.0,886387.0,901564.0,896275.0,933764.0,956955.0,967891.0,998682.0,995681.0,999738.0,987990.0,1016450.0,1033737.0,1028918.0,1023385.0,973093.0,963206.0,958300.0,955611.0,939510.0,939035.0,938104.0,915905.0,901787.0,910340.0,909096.0,920976.0,784366.0
RI,61311.0,53281.0,52092.0,53405.0,49676.0,53889.0,56047.0,63794.0,59019.0,58304.0,63334.0,67447.0,65334.0,60210.0,58376.0,56998.0,55344.0,55427.0,54546.0,54400.0,52167.0,51201.0,50621.0,50925.0,54087.0,50730.0,56422.0,60804.0,61893.0,60866.0,57830.0,57997.0,56859.0,57039.0,56070.0,57906.0,58610.0,64938.0,62809.0,65366.0,65131.0,65690.0,65010.0,63894.0,62104.0,62115.0,64661.0,63767.0,60496.0,62361.0,62535.0,59423.0,56575.0,56996.0,60998.0,60630.0,56859.0,57828.0,59923.0,59257.0,50370.0
SC,126208.0,129567.0,142484.0,151254.0,145094.0,147298.0,157498.0,159278.0,179569.0,185719.0,198589.0,207758.0,217321.0,234328.0,229943.0,229440.0,245155.0,253229.0,265931.0,263808.0,248132.0,246357.0,246668.0,252018.0,263410.0,265569.0,274879.0,271519.0,298884.0,289639.0,308567.0,318063.0,306881.0,311468.0,317872.0,318370.0,325962.0,340229.0,359539.0,370957.0,378736.0,382124.0,390050.0,393778.0,447812.0,426716.0,445720.0,443626.0,433734.0,444790.0,458783.0,450668.0,436841.0,453369.0,445499.0,467806.0,481900.0,489986.0,489002.0,482235.0,432586.0
SD,41074.0,43017.0,45861.0,47646.0,46663.0,45202.0,47210.0,47932.0,51664.0,51576.0,53555.0,58358.0,61204.0,61434.0,60379.0,62018.0,65702.0,68191.0,69568.0,70279.0,63204.0,60032.0,61601.0,59941.0,61918.0,65547.0,60615.0,62356.0,64623.0,64771.0,65961.0,64087.0,72993.0,73241.0,78214.0,79805.0,79338.0,77445.0,79996.0,83197.0,84690.0,83083.0,90621.0,85133.0,86438.0,88269.0,88259.0,92108.0,87283.0,89562.0,94193.0,94097.0,98572.0,96122.0,99010.0,101309.0,100607.0,99888.0,101028.0,100050.0,97210.0
TN,174077.0,189698.0,201900.0,215915.0,221891.0,230861.0,248978.0,257828.0,277502.0,296060.0,308383.0,325418.0,355659.0,388248.0,380946.0,390255.0,406098.0,418416.0,443273.0,450307.0,408896.0,408735.0,398310.0,396071.0,426527.0,434200.0,465660.0,458225.0,466234.0,477732.0,466321.0,440683.0,460344.0,485213.0,499428.0,523840.0,541591.0,546093.0,556279.0,574005.0,583021.0,579918.0,613320.0,629708.0,630262.0,645189.0,648771.0,651803.0,611820.0,595903.0,616465.0,613747.0,593905.0,598357.0,612677.0,620725.0,633526.0,639307.0,647130.0,666834.0,614701.0
TX,797674.0,814156.0,835629.0,860535.0,888456.0,919609.0,950843.0,1002771.0,1096279.0,1159513.0,1212068.0,1258232.0,1360829.0,1486367.0,1509541.0,1562028.0,1614344.0,1728153.0,1826422.0,1880719.0,1802055.0,1826225.0,1883216.0,1880769.0,1960057.0,2027528.0,2073455.0,2032666.0,2146110.0,2150031.0,2155244.0,2103266.0,2149543.0,2135807.0,2196665.0,2165210.0,2338876.0,2402608.0,2524138.0,2509765.0,2563155.0,2674517.0,2768701.0,2669830.0,2698065.0,2722996.0,2855206.0,2885470.0,2801447.0,2690610.0,2664227.0,2687709.0,2697204.0,2954300.0,2938283.0,2993707.0,3087844.0,3116638.0,3228409.0,3340863.0,2840211.0
UT,64511.0,60626.0,65915.0,66515.0,66941.0,70642.0,78749.0,77711.0,83491.0,87960.0,91544.0,98351.0,103196.0,109665.0,112423.0,113847.0,116248.0,121394.0,130166.0,131650.0,126763.0,122808.0,121883.0,126099.0,128479.0,132132.0,141909.0,146203.0,151122.0,143100.0,148687.0,154513.0,157455.0,163603.0,166811.0,181276.0,189839.0,197637.0,202063.0,209020.0,220791.0,212268.0,219787.0,223916.0,232666.0,236793.0,260512.0,259900.0,240230.0,231558.0,226168.0,242330.0,235022.0,239797.0,242185.0,249949.0,255272.0,259519.0,275809.0,272201.0,252662.0
VA,290155.0,271498.0,279501.0,294215.0,309745.0,332226.0,349062.0,376536.0,389886.0,421502.0,446103.0,469468.0,484381.0,499236.0,474824.0,467402.0,489360.0,501276.0,513382.0,502950.0,481837.0,483877.0,466129.0,476856.0,482494.0,502788.0,531531.0,568798.0,600423.0,577259.0,583597.0,569499.0,565627.0,574960.0,586939.0,596493.0,605212.0,623602.0,633812.0,646527.0,682827.0,684004.0,688160.0,715501.0,769960.0,781592.0,804438.0,806073.0,748863.0,727672.0,765908.0,736419.0,742154.0,743535.0,768275.0,763026.0,786900.0,794365.0,810219.0,822018.0,692648.0
VT,19285.0,18903.0,19451.0,19720.0,20186.0,21156.0,22648.0,24252.0,25602.0,26604.0,29255.0,30302.0,32532.0,33907.0,33188.0,33366.0,35461.0,37970.0,38017.0,36867.0,33912.0,34053.0,31745.0,34097.0,36467.0,36959.0,37654.0,42609.0,44201.0,42008.0,42074.0,42481.0,44946.0,47312.0,47859.0,49731.0,51665.0,50799.0,50106.0,52481.0,51827.0,51851.0,51047.0,51874.0,53305.0,54018.0,54227.0,53319.0,50595.0,52091.0,50224.0,48972.0,47891.0,48654.0,48242.0,48643.0,48998.0,47752.0,44602.0,46309.0,39003.0
WA,180038.0,184221.0,191597.0,193702.0,200152.0,206180.0,224455.0,248016.0,282703.0,290040.0,291220.0,298120.0,302952.0,329185.0,329110.0,351939.0,367996.0,378496.0,406593.0,437458.0,416128.0,405573.0,379973.0,366349.0,392840.0,414170.0,482626.0,497334.0,520178.0,561297.0,570959.0,579683.0,646082.0,592511.0,609445.0,633489.0,622542.0,638511.0,603397.0,614736.0,626425.0,599324.0,583866.0,585232.0,604092.0,612870.0,628978.0,667346.0,607175.0,597417.0,555428.0,570277.0,571883.0,585103.0,572869.0,611895.0,680677.0,656410.0,656582.0,676682.0,504756.0
WI,179925.0,178398.0,186286.0,193358.0,198182.0,202452.0,215119.0,222717.0,238768.0,254799.0,271267.0,283044.0,300747.0,313343.0,311658.0,318552.0,332023.0,343009.0,360252.0,354661.0,328937.0,320729.0,303312.0,305153.0,304796.0,311118.0,317003.0,319153.0,341123.0,343688.0,341152.0,340589.0,346888.0,356002.0,379489.0,387380.0,395039.0,397553.0,416933.0,427108.0,419128.0,420917.0,426136.0,419988.0,436795.0,435873.0,439632.0,442434.0,432246.0,421735.0,434754.0,420084.0,418942.0,415923.0,445715.0,440556.0,437653.0,431411.0,457182.0,452212.0,404102.0
WV,84624.0,79495.0,80104.0,86105.0,89808.0,97881.0,101521.0,101783.0,108551.0,93096.0,108454.0,116907.0,126479.0,138959.0,135849.0,139406.0,142708.0,151070.0,154215.0,152872.0,146605.0,143411.0,137495.0,147345.0,156917.0,155590.0,139565.0,145124.0,149467.0,150231.0,146864.0,144778.0,159657.0,165632.0,177018.0,177819.0,162736.0,176591.0,184117.0,179513.0,185760.0,182823.0,182001.0,170239.0,179107.0,180393.0,179262.0,177411.0,160262.0,166940.0,171528.0,165734.0,174626.0,169268.0,169922.0,173675.0,182534.0,171993.0,192666.0,185399.0,169994.0
WY,41322.0,40098.0,43961.0,40499.0,39029.0,44301.0,44954.0,54471.0,54341.0,57799.0,57405.0,61918.0,61663.0,67768.0,69252.0,66067.0,71190.0,75273.0,85116.0,87482.0,88441.0,88739.0,79562.0,67063.0,68415.0,68801.0,63799.0,77408.0,83531.0,84494.0,81244.0,75947.0,79985.0,84504.0,83152.0,95893.0,95955.0,97960.0,101099.0,115332.0,108883.0,110784.0,109864.0,121106.0,115100.0,119090.0,122430.0,125829.0,123844.0,119933.0,121369.0,112145.0,117677.0,113399.0,117706.0,111440.0,112574.0,112467.0,115892.0,116149.0,107045.0
US,10596612.0,10769305.0,11219665.0,11655060.0,11998948.0,12434010.0,13100740.0,13751510.0,14864713.0,15504735.0,16094212.0,16725986.0,17716191.0,18615342.0,18119371.0,18245049.0,19101169.0,19822842.0,20619378.0,20472501.0,19696846.0,19515225.0,19090937.0,19176442.0,19655350.0,20089174.0,20790496.0,21471276.0,22319319.0,22478541.0,22423888.0,22120398.0,22418616.0,22676130.0,23322784.0,23818771.0,24425354.0,24735893.0,25229069.0,25920574.0,26521400.0,26241290.0,26812641.0,26889268.0,27836540.0,28271919.0,28711295.0,28831005.0,27443620.0,26616078.0,26988792.0,26597288.0,26125275.0,26613512.0,26873295.0,27244957.0,27792276.0,28022196.0,28470753.0,28589691.0,24349079.0
